page_title,number_of_pageviews
Snowplow: behavioral data creation leader,868
Get started with your Snowplow BDP demo | Snowplow,420
What is behavioral data and why is it important? | Snowplow,333
Use Cases Archive | Snowplow,327
White paper: Introductory guide to data modeling | Snowplow,286
Treating data as a product,266
A behavioral data management platform designed to evolve with your business | Snowplow,247
Explore snowplow data part 1 | Snowplow,244
Life after Universal Analytics: Why choose Snowplow? | Snowplow,239
The leading open source behavioral data management platform| Snowplow,228
